algo,N,block,msg_size,round,us_per_op
SHA3-512,30,1000,104857600,0,486683
SHA3-512,30,1000,104857600,1,487548
SHA3-512,30,1000,104857600,2,488203
SHA3-512,30,1000,104857600,3,488229
SHA3-512,30,1000,104857600,4,488269
SHA3-512,30,1000,104857600,5,489012
SHA3-512,30,1000,104857600,6,490592
SHA3-512,30,1000,104857600,7,490896
SHA3-512,30,1000,104857600,8,492255
SHA3-512,30,1000,104857600,9,493288
SHA3-512,30,1000,104857600,10,493477
SHA3-512,30,1000,104857600,11,493759
SHA3-512,30,1000,104857600,12,493955
SHA3-512,30,1000,104857600,13,495004
SHA3-512,30,1000,104857600,14,496364
SHA3-512,30,1000,104857600,15,497514
SHA3-512,30,1000,104857600,16,498881
SHA3-512,30,1000,104857600,17,499669
SHA3-512,30,1000,104857600,18,503876
SHA3-512,30,1000,104857600,19,503986
SHA3-512,30,1000,104857600,20,504357
SHA3-512,30,1000,104857600,21,506419
SHA3-512,30,1000,104857600,22,507650
SHA3-512,30,1000,104857600,23,512465
SHA3-512,30,1000,104857600,24,516493
SHA3-512,30,1000,104857600,25,518394
SHA3-512,30,1000,104857600,26,521051
SHA3-512,30,1000,104857600,27,521136
SHA3-512,30,1000,104857600,28,525049
SHA3-512,30,1000,104857600,29,526706
# summary,mean,501039,median,497514,sd,12348.6,ci95_lo,496620,ci95_hi,505458,throughput_MiBps,199.585
